process,elpd_ws_only_model,elpd_full_model,elpd_dif_ws_full,elpd_dif_se_ws_full
Mud-flow,-2340.3955859370944,-2321.948656206698,18.446929730406833,6.163863357054723
Sediment-transport,-4103.035702599973,-4054.90853819754,48.12716440241472,10.259295970208228
