process,elpd_ws_only_model,elpd_full_model,elpd_dif_ws_full,elpd_dif_se_ws_full
Mud-flow,-2990.481989369533,-2975.914323672283,14.567665697270895,5.685927121410078
Sediment-flow,-5795.000970722995,-5741.939883231608,53.06108749138041,10.4933253472284
