process,auc
DFLOOD,0.7613085127667906
DFLOW,0.7623569483205183
FST,0.7035437323159737
