process,auc
DFLOOD,0.7605872136088243
DFLOW,0.7609834166872169
FST,0.6979117254784585
