process,elpd_ws_only_model,elpd_full_model,elpd_dif_ws_full,elpd_dif_se_ws_full
Mud-flow,-2990.416965179778,-2975.6949646434855,14.722000536281302,5.663687759137672
Sediment-transport,-5795.5522008462,-5741.989245717043,53.5629551291737,10.45833199740138
