process,elpd_ws_only_model,elpd_full_model,elpd_dif_ws_full,elpd_dif_se_ws_full
Debris-flow,-2990.3219451367663,-2976.270493311963,14.05145182482837,5.676550612224717
Sediment-transport,-5795.200759426257,-5742.37838856145,52.82237086478339,10.497338770495935
